feature,mean_treated,mean_control,sd_treated,sd_control,smd,variance_ratio,ks_stat,n_unique
f0,19.6148,19.6517,5.37556,5.38811,-0.00686562,0.995348,0.00895016,2181959
f1,10.0703,10.0679,0.106693,0.0929899,0.0239944,1.31645,0.00266241,60
f2,8.4463,8.44817,0.299074,0.300676,-0.00624099,0.989375,0.00377462,808663
f3,4.16941,4.23282,1.35243,1.24203,-0.0488363,1.18568,0.0137945,552
f4,10.3392,10.3365,0.344117,0.338681,0.00796566,1.03235,0.00241219,260
f5,4.0266,4.03934,0.437045,0.395538,-0.0305568,1.22088,0.00609873,132
f6,-4.18279,-3.99988,4.60094,4.44198,-0.0404481,1.07285,0.013069,1645
f7,5.10556,5.08028,1.21246,1.16329,0.0212695,1.08632,0.00609873,622143
f8,3.93339,3.93465,0.0568691,0.0554452,-0.0224333,1.05202,0.00833413,3743
f9,16.0526,15.8863,7.05625,6.80216,0.0240011,1.0761,0.00712457,1594
f10,5.33366,5.3319,0.168847,0.164676,0.0105635,1.0513,0.00241451,483634
f11,-0.170985,-0.170868,0.0228946,0.0224788,-0.00515953,1.03734,0.000914428,136
